{
    "APPLY_BLOOM": true,
    "BLOOM_USE_TWO_PASS_BLUR": true,
    "BLOOM_INTENSITY": 1.4900000095367432,
    "BLOOM_BLUR_SCALE_DOWN_PASS_1": 1.709999918937683,
    "BLOOM_BLUR_SCALE_DOWN_PASS_2": 9.289999961853028,
    "APPLY_DEPTH_OF_FIELD": true,
    "START_END_DOF_DST": [
        49.59000015258789,
        66.1199951171875
    ],
    "APPLY_TONEMAPPING": true,
    "APPLY_FXAA": true,
    "TONEMAP_TYPE": 2,
    "TONEMAP_EXPOSURE": 1.2400000095367432
}